url,status_code
http://www.example.com,200
http://www.example.org,200
http://www.example.net,200
http://www.example.int,200
http://www.example.edu,200
http://www.example.gov,200
http://www.example.mil,200
http://www.example.arpa,200
http://www.example.ac,200
http://www.example.ad,200
http://www.example.ae,200
http://www.example.af,200
http://www.example.ag,err
http://www.example.ai,200
http://www.example.al,err
http://www.example.am,err
http://www.example.an,200
http://www.example.ao,200
http://www.example.aq,200
http://www.example.ar,200
http://www.example.as,200
http://www.example.at,err
http://www.example.au,200
http://www.example.aw,200
http://www.example.ax,200
http://www.example.az,200
http://www.example.ba,200
http://www.example.bb,200
http://www.example.bd,200
http://www.example.be,200
http://www.example.bf,200
http://www.example.bg,200
http://www.example.bh,200
http://www.example.bi,200
http://www.example.bj,200
http://www.example.bl,err
http://www.example.bm,200
http://www.example.bn,200
http://www.example.bo,200
http://www.example.bq,200
http://www.example.br,200
http://www.example.bs,200
http://www.example.bt,200
http://www.example.bv,200
http://www.example.bw,200
http://www.example.by,503
http://www.example.bz,200
http://www.example.ca,200
http://www.example.cc,err
http://www.example.cd,err
http://www.example.cf,200
http://www.example.cg,200
http://www.example.ch,200
http://www.example.ci,200
http://www.example.ck,200
http://www.example.cl,200
http://www.example.cm,200
http://www.example.cn,200
http://www.example.co,200
http://www.example.cr,200
http://www.example.cu,200
http://www.example.cv,200
http://www.example.cw,200
http://www.example.cx,200
http://www.example.cy,200
http://www.example.cz,200
http://www.example.de,200
http://www.example.dj,200
http://www.example.dk,err
http://www.example.dm,200
http://www.example.do,200
http://www.example.dz,200
http://www.example.ec,200
http://www.example.ee,200
http://www.example.eg,200
http://www.example.eh,200
http://www.example.er,200
http://www.example.es,200
http://www.example.et,200
http://www.example.eu,200
http://www.example.fi,err
http://www.example.fj,200
http://www.example.fk,200
http://www.example.fm,200
http://www.example.fo,200
http://www.example.fr,200
http://www.example.ga,200
http://www.example.gb,200
http://www.example.gd,200
http://www.example.ge,200
http://www.example.gf,200
http://www.example.gg,200
http://www.example.gh,200
http://www.example.gi,200
http://www.example.gl,200
http://www.example.gm,200
http://www.example.gn,200
http://www.example.gp,200
http://www.example.gq,200
http://www.example.gr,200
http://www.example.gs,200
http://www.example.gt,200
http://www.example.gu,200
http://www.example.gw,200
http://www.example.gy,200
http://www.example.hk,200
http://www.example.hm,200
http://www.example.hn,200
http://www.example.hr,200
http://www.example.ht,200
http://www.example.hu,200
http://www.example.id,200
http://www.example.ie,200
http://www.example.il,200
http://www.example.im,err
http://www.example.in,200
http://www.example.io,200
http://www.example.iq,200
http://www.example.ir,200
http://www.example.is,200
http://www.example.it,200
http://www.example.je,200
http://www.example.jm,200
http://www.example.jo,200
http://www.example.jp,200
http://www.example.ke,200
http://www.example.kg,200
http://www.example.kh,200
http://www.example.ki,200
http://www.example.km,200
http://www.example.kn,200
http://www.example.kp,200
http://www.example.kr,200
http://www.example.kw,200
http://www.example.ky,err
http://www.example.kz,200
http://www.example.la,200
http://www.example.lb,200
http://www.example.lc,err
http://www.example.li,200
http://www.example.lk,200
http://www.example.lr,200
http://www.example.ls,200
http://www.example.lt,200
http://www.example.lu,err
http://www.example.lv,200
http://www.example.ly,200
http://www.example.ma,200
http://www.example.mc,200
http://www.example.md,200
http://www.example.me,404
http://www.example.mf,200
http://www.example.mg,200
http://www.example.mh,200
http://www.example.mk,200
http://www.example.ml,200
http://www.example.mm,200
http://www.example.mn,200
http://www.example.mo,200
http://www.example.mp,200
http://www.example.mq,200
http://www.example.mr,200
http://www.example.ms,err
http://www.example.mt,200
http://www.example.mu,200
http://www.example.mv,200
http://www.example.mw,200
http://www.example.mx,err
http://www.example.my,200
http://www.example.mz,200
http://www.example.na,200
http://www.example.nc,200
http://www.example.ne,200
http://www.example.nf,200
http://www.example.ng,200
http://www.example.ni,200
http://www.example.nl,200
http://www.example.no,err
http://www.example.np,200
http://www.example.nr,200
http://www.example.nu,200
http://www.example.nz,200
http://www.example.om,200
http://www.example.pa,200
http://www.example.pe,200
http://www.example.pf,200
http://www.example.pg,200
http://www.example.ph,200
http://www.example.pk,200
http://www.example.pl,200
http://www.example.pm,200
http://www.example.pn,200
http://www.example.pr,200
http://www.example.ps,200
http://www.example.pt,200
http://www.example.pw,200
http://www.example.py,200
http://www.example.qa,200
http://www.example.re,200
http://www.example.ro,200
http://www.example.rs,200
http://www.example.ru,err
http://www.example.rw,200
http://www.example.sa,200
http://www.example.sb,200
http://www.example.sc,200
http://www.example.sd,200
http://www.example.se,200
http://www.example.sg,200
http://www.example.sh,200
http://www.example.si,200
http://www.example.sj,200
http://www.example.sk,200
http://www.example.sl,200
http://www.example.sm,200
http://www.example.sn,200
http://www.example.so,200
http://www.example.sr,200
http://www.example.ss,200
http://www.example.st,err
http://www.example.su,200
http://www.example.sv,200
http://www.example.sx,200
http://www.example.sy,200
http://www.example.sz,200
http://www.example.tc,err
http://www.example.td,200
http://www.example.tf,200
http://www.example.tg,200
http://www.example.th,200
http://www.example.tj,200
http://www.example.tk,err
http://www.example.tl,200
http://www.example.tm,200
http://www.example.tn,200
http://www.example.to,200
http://www.example.tp,200
http://www.example.tr,200
http://www.example.tt,200
http://www.example.tv,200
http://www.example.tw,200
http://www.example.tz,200
http://www.example.ua,200
http://www.example.ug,200
http://www.example.uk,err
http://www.example.um,200
http://www.example.us,200
http://www.example.uy,200
http://www.example.uz,200
http://www.example.va,200
http://www.example.vc,200
http://www.example.ve,200
http://www.example.vg,200
http://www.example.vi,200
http://www.example.vn,200
http://www.example.vu,200
http://www.example.wf,200
http://www.example.ws,200
http://www.example.ye,200
http://www.example.yt,200
http://www.example.za,200
http://www.example.zm,200
http://www.example.zw,200
http://www.examplexn--lgbbat1ad8j,200
http://www.examplexn--y9a3aq,200
http://www.examplexn--54b7fta0cc,200
http://www.examplexn--90ais,200
http://www.examplexn--90ae,200
http://www.examplexn--fiqs8s,200
http://www.examplexn--fiqz9s,200
http://www.examplexn--wgbh1c,200
http://www.examplexn--e1a4c,200
http://www.examplexn--node,200
http://www.examplexn--qxam,200
http://www.examplexn--j6w193g,200
http://www.examplexn--h2brj9c,200
http://www.examplexn--mgbbh1a71e,200
http://www.examplexn--fpcrj9c3d,200
http://www.examplexn--gecrj9c,200
http://www.examplexn--s9brj9c,200
http://www.examplexn--xkc2dl3a5ee0h,200
http://www.examplexn--45brj9c,200
http://www.examplexn--2scrj9c,200
http://www.examplexn--rvc1e0am3e,200
http://www.examplexn--45br5cyl,200
http://www.examplexn--3hcrj9c,200
http://www.examplexn--mgbbh1a,200
http://www.examplexn--h2breg3eve,200
http://www.examplexn--h2brj9c8c,200
http://www.examplexn--mgbgu82a,200
http://www.examplexn--mgba3a4f16a,200
http://www.examplexn--mgbtx2b,200
http://www.examplexn--mgbayh7gpa,200
http://www.examplexn--80ao21a,200
http://www.examplexn--mix082f,200
http://www.examplexn--mix891f,200
http://www.examplexn--d1alf,200
http://www.examplexn--mgbx4cd0ab,200
http://www.examplexn--mgbah1a3hjkrd,200
http://www.examplexn--l1acc,200
http://www.examplexn--mgbc0a9azcg,200
http://www.examplexn--mgb9awbf,200
http://www.examplexn--mgbai9azgqp6j,200
http://www.examplexn--ygbi2ammx,200
http://www.examplexn--wgbl6a,200
http://www.examplexn--p1ai,200
http://www.examplexn--mgberp4a5d4ar,200
http://www.examplexn--90a3ac,200
http://www.examplexn--yfro4i67o,200
http://www.examplexn--clchc0ea0b2g2a9gcd,200
http://www.examplexn--3e0b707e,200
http://www.examplexn--fzc2c9e2c,200
http://www.examplexn--xkc2al3hye2a,200
http://www.examplexn--mgbpl2fh,200
http://www.examplexn--ogbpf8fl,200
http://www.examplexn--kprw13d,200
http://www.examplexn--kpry57d,200
http://www.examplexn--o3cw4h,200
http://www.examplexn--pgbs0dh,200
http://www.examplexn--j1amh,200
http://www.examplexn--mgbaam7a8h,200
http://www.examplexn--mgb2ddes,200
http://www.example.academy,200
http://www.example.accountant,200
http://www.example.accountants,200
http://www.example.active,200
http://www.example.actor,200
http://www.example.ads,200
http://www.example.adult,200
http://www.example.aero,err
http://www.example.agency,200
http://www.example.airforce,200
http://www.example.analytics,200
http://www.example.apartments,200
http://www.example.app,200
http://www.example.archi,200
http://www.example.army,200
http://www.example.art,err
http://www.example.associates,200
http://www.example.attorney,200
http://www.example.auction,200
http://www.example.audible,200
http://www.example.audio,200
http://www.example.author,200
http://www.example.auto,200
http://www.example.autos,200
http://www.example.aws,200
http://www.example.baby,200
http://www.example.band,200
http://www.example.bank,200
http://www.example.bar,200
http://www.example.barefoot,200
http://www.example.bargains,200
http://www.example.baseball,200
http://www.example.basketball,200
http://www.example.beauty,200
http://www.example.beer,200
http://www.example.best,200
http://www.example.bestbuy,200
http://www.example.bet,200
http://www.example.bible,200
http://www.example.bid,200
http://www.example.bike,200
http://www.example.bingo,200
http://www.example.bio,200
http://www.example.biz,200
http://www.example.black,200
http://www.example.blackfriday,200
http://www.example.blockbuster,200
http://www.example.blog,200
http://www.example.blue,200
http://www.example.boo,200
http://www.example.book,200
http://www.example.boots,200
http://www.example.bot,200
http://www.example.boutique,200
http://www.example.box,200
http://www.example.broadway,200
http://www.example.broker,200
http://www.example.build,200
http://www.example.builders,200
http://www.example.business,200
http://www.example.buy,200
http://www.example.buzz,200
http://www.example.cab,200
http://www.example.cafe,200
http://www.example.call,200
http://www.example.cam,200
http://www.example.camera,200
http://www.example.camp,200
http://www.example.cancerresearch,200
http://www.example.capital,200
http://www.example.car,200
http://www.example.cards,200
http://www.example.care,200
http://www.example.career,200
http://www.example.careers,200
http://www.example.cars,200
http://www.example.case,200
http://www.example.cash,200
http://www.example.casino,200
http://www.example.catering,200
http://www.example.catholic,200
http://www.example.center,200
http://www.example.cern,200
http://www.example.ceo,200
http://www.example.cfd,200
http://www.example.channel,200
http://www.example.chat,200
http://www.example.cheap,200
http://www.example.christmas,200
http://www.example.church,200
http://www.example.cipriani,200
http://www.example.circle,200
http://www.example.city,200
http://www.example.claims,200
http://www.example.cleaning,200
http://www.example.click,200
http://www.example.clinic,200
http://www.example.clothing,200
http://www.example.cloud,200
http://www.example.club,200
http://www.example.coach,200
http://www.example.codes,200
http://www.example.coffee,200
http://www.example.college,200
http://www.example.community,200
http://www.example.company,200
http://www.example.compare,200
http://www.example.computer,200
http://www.example.condos,200
http://www.example.construction,200
http://www.example.consulting,200
http://www.example.contact,200
http://www.example.contractors,200
http://www.example.cooking,200
http://www.example.cool,200
http://www.example.coop,200
http://www.example.country,200
http://www.example.coupon,200
http://www.example.coupons,200
http://www.example.courses,200
http://www.example.credit,200
http://www.example.creditcard,200
http://www.example.cruise,200
http://www.example.cricket,200
http://www.example.cruises,200
http://www.example.dad,200
http://www.example.dance,200
http://www.example.data,200
http://www.example.date,200
http://www.example.dating,200
http://www.example.day,200
http://www.example.deal,200
http://www.example.deals,200
http://www.example.degree,200
http://www.example.delivery,200
http://www.example.democrat,200
http://www.example.dental,200
http://www.example.dentist,200
http://www.example.design,200
http://www.example.dev,err
http://www.example.diamonds,200
http://www.example.diet,200
http://www.example.digital,200
http://www.example.direct,200
http://www.example.directory,200
http://www.example.discount,200
http://www.example.diy,200
http://www.example.docs,200
http://www.example.doctor,200
http://www.example.dog,200
http://www.example.domains,err
http://www.example.dot,200
http://www.example.download,200
http://www.example.drive,200
http://www.example.duck,200
http://www.example.earth,200
http://www.example.eat,200
http://www.example.eco,200
http://www.example.education,200
http://www.example.email,200
http://www.example.energy,200
http://www.example.engineer,200
http://www.example.engineering,200
http://www.example.enterprises,200
http://www.example.equipment,200
http://www.example.esq,200
http://www.example.estate,200
http://www.example.events,200
http://www.example.exchange,200
http://www.example.expert,200
http://www.example.exposed,200
http://www.example.express,200
http://www.example.fail,200
http://www.example.faith,200
http://www.example.family,200
http://www.example.fan,200
http://www.example.fans,200
http://www.example.farm,200
http://www.example.fashion,200
http://www.example.fast,200
http://www.example.feedback,200
http://www.example.film,200
http://www.example.final,200
http://www.example.finance,200
http://www.example.financial,200
http://www.example.fire,200
http://www.example.fish,200
http://www.example.fishing,200
http://www.example.fit,200
http://www.example.fitness,200
http://www.example.flights,200
http://www.example.florist,200
http://www.example.flowers,200
http://www.example.fly,200
http://www.example.foo,200
http://www.example.food,200
http://www.example.foodnetwork,err
http://www.example.football,200
http://www.example.forsale,200
http://www.example.forum,200
http://www.example.foundation,200
http://www.example.free,200
http://www.example.frontdoor,200
http://www.example.fun,200
http://www.example.fund,200
http://www.example.furniture,200
http://www.example.fyi,200
http://www.example.gallery,200
http://www.example.game,200
http://www.example.games,200
http://www.example.garden,200
http://www.example.gdn,200
http://www.example.gift,200
http://www.example.gifts,200
http://www.example.gives,200
http://www.example.glass,200
http://www.example.global,200
http://www.example.gold,200
http://www.example.golf,200
http://www.example.gop,200
http://www.example.graphics,200
http://www.example.green,200
http://www.example.gripe,200
http://www.example.grocery,200
http://www.example.group,200
http://www.example.guide,200
http://www.example.guitars,200
http://www.example.guru,200
http://www.example.hair,200
http://www.example.hangout,200
http://www.example.health,200
http://www.example.healthcare,200
http://www.example.help,200
http://www.example.here,200
http://www.example.hiphop,200
http://www.example.hiv,200
http://www.example.hockey,200
http://www.example.holdings,200
http://www.example.holiday,200
http://www.example.homegoods,200
http://www.example.homes,200
http://www.example.homesense,200
http://www.example.horse,200
http://www.example.hospital,200
http://www.example.host,200
http://www.example.hosting,200
http://www.example.hot,200
http://www.example.hotels,200
http://www.example.house,200
http://www.example.how,200
http://www.example.ice,200
"http://www.example.icu
",200
http://www.example.industries,200
http://www.example.info,200
http://www.example.ing,200
http://www.example.ink,200
http://www.example.institute,200
http://www.example.insurance,200
http://www.example.insure,200
http://www.example.international,200
http://www.example.investments,200
http://www.example.jewelry,200
http://www.example.jobs,200
http://www.example.joy,200
http://www.example.kim,200
http://www.example.kitchen,200
http://www.example.land,200
http://www.example.latino,200
http://www.example.law,200
http://www.example.lawyer,200
http://www.example.lease,200
http://www.example.legal,200
http://www.example.lgbt,200
http://www.example.life,200
http://www.example.lifeinsurance,200
http://www.example.lighting,200
http://www.example.like,200
http://www.example.limited,200
http://www.example.limo,200
http://www.example.link,200
http://www.example.live,200
http://www.example.living,200
http://www.example.loan,200
http://www.example.loans,200
http://www.example.locker,200
http://www.example.lol,200
http://www.example.lotto,200
http://www.example.love,200
http://www.example.ltd,err
http://www.example.luxury,200
http://www.example.makeup,200
http://www.example.management,200
http://www.example.map,200
http://www.example.market,200
http://www.example.marketing,200
http://www.example.markets,200
http://www.example.mba,200
http://www.example.med,200
http://www.example.media,200
http://www.example.meet,200
http://www.example.meme,200
http://www.example.memorial,200
http://www.example.men,200
http://www.example.menu,200
http://www.example.mint,200
http://www.example.mobi,200
http://www.example.mobile,200
http://www.example.mobily,200
http://www.example.moe,200
http://www.example.mom,200
http://www.example.money,200
http://www.example.mortgage,200
http://www.example.motorcycles,200
http://www.example.mov,200
http://www.example.movie,200
http://www.example.museum,200
http://www.example.name,200
http://www.example.navy,200
http://www.example.network,err
http://www.example.new,200
http://www.example.news,200
http://www.example.ngo,200
http://www.example.ninja,200
http://www.example.now,200
http://www.example.observer,err
http://www.example.off,200
http://www.example.one,200
http://www.example.ong,200
http://www.example.onl,200
http://www.example.online,200
http://www.example.ooo,200
http://www.example.open,200
http://www.example.organic,200
http://www.example.origins,200
http://www.example.page,200
http://www.example.partners,200
http://www.example.parts,200
http://www.example.party,200
http://www.example.pay,200
http://www.example.pet,200
http://www.example.pharmacy,200
http://www.example.phone,200
http://www.example.photo,200
http://www.example.photography,200
http://www.example.photos,200
http://www.example.physio,200
http://www.example.pics,200
http://www.example.pictures,200
http://www.example.pid,200
http://www.example.pin,200
http://www.example.pink,200
http://www.example.pizza,200
http://www.example.place,200
http://www.example.plumbing,200
http://www.example.plus,200
http://www.example.poker,200
http://www.example.porn,200
http://www.example.post,200
http://www.example.press,200
http://www.example.prime,200
http://www.example.pro,200
http://www.example.productions,200
http://www.example.prof,200
http://www.example.promo,200
http://www.example.properties,200
http://www.example.property,200
http://www.example.protection,200
http://www.example.pub,200
http://www.example.qpon,200
http://www.example.racing,200
http://www.example.radio,200
http://www.example.read,200
http://www.example.realestate,200
http://www.example.realtor,200
http://www.example.realty,200
http://www.example.recipes,200
http://www.example.red,200
http://www.example.rehab,200
http://www.example.reit,200
http://www.example.ren,200
http://www.example.rent,200
http://www.example.rentals,200
http://www.example.repair,200
http://www.example.report,200
http://www.example.republican,200
http://www.example.rest,200
http://www.example.restaurant,200
http://www.example.review,200
http://www.example.reviews,200
http://www.example.rich,200
http://www.example.rip,200
http://www.example.rocks,200
http://www.example.rodeo,200
http://www.example.room,200
http://www.example.rugby,200
http://www.example.run,200
http://www.example.safe,200
http://www.example.sale,200
http://www.example.save,200
http://www.example.scholarships,200
http://www.example.school,200
http://www.example.science,200
http://www.example.search,200
http://www.example.secure,200
http://www.example.security,200
http://www.example.select,200
http://www.example.services,200
http://www.example.sex,200
http://www.example.sexy,200
http://www.example.shoes,200
http://www.example.shop,200
http://www.example.shopping,200
http://www.example.show,200
http://www.example.showtime,200
http://www.example.silk,200
http://www.example.singles,200
http://www.example.site,200
http://www.example.ski,200
http://www.example.skin,200
http://www.example.sky,200
http://www.example.sling,200
http://www.example.smile,200
http://www.example.soccer,200
http://www.example.social,200
http://www.example.software,200
http://www.example.solar,200
http://www.example.solutions,err
http://www.example.song,200
http://www.example.space,200
http://www.example.spot,200
http://www.example.spreadbetting,200
http://www.example.storage,200
http://www.example.store,200
http://www.example.stream,200
http://www.example.studio,200
http://www.example.study,200
http://www.example.style,200
http://www.example.sucks,200
http://www.example.supplies,200
http://www.example.supply,200
http://www.example.support,200
http://www.example.surf,200
http://www.example.surgery,200
http://www.example.systems,200
http://www.example.talk,200
http://www.example.tattoo,200
http://www.example.tax,200
http://www.example.taxi,200
http://www.example.team,200
http://www.example.tech,200
http://www.example.technology,200
http://www.example.tel,err
http://www.example.tennis,200
http://www.example.theater,200
http://www.example.theatre,200
http://www.example.tickets,200
http://www.example.tips,200
http://www.example.tires,200
http://www.example.today,200
http://www.example.tools,200
http://www.example.top,200
http://www.example.tours,200
http://www.example.town,200
http://www.example.toys,200
http://www.example.trade,200
http://www.example.trading,200
http://www.example.training,200
http://www.example.travel,200
http://www.example.travelersinsurance,200
http://www.example.trust,200
http://www.example.tube,200
http://www.example.tunes,200
http://www.example.uconnect,200
http://www.example.university,200
http://www.example.vacations,200
http://www.example.ventures,200
http://www.example.vet,200
http://www.example.video,200
http://www.example.villas,200
http://www.example.vip,200
http://www.example.vision,200
http://www.example.vodka,200
http://www.example.vote,200
http://www.example.voting,200
http://www.example.voyage,200
http://www.example.wang,200
http://www.example.watch,200
http://www.example.watches,200
http://www.example.weather,200
http://www.example.webcam,200
http://www.example.website,200
http://www.example.wed,200
http://www.example.wedding,200
http://www.example.whoswho,200
http://www.example.wiki,200
http://www.example.win,200
http://www.example.wine,200
http://www.example.winners,200
http://www.example.work,err
http://www.example.works,200
http://www.example.world,200
http://www.example.wow,200
http://www.example.wtf,200
http://www.example.xxx,200
http://www.example.xyz,200
http://www.example.yachts,200
http://www.example.yoga,200
http://www.example.you,200
http://www.example.zero,200
http://www.example.zone,200
http://www.example.shouji,200
http://www.example.tushu,200
http://www.example.wanggou,200
http://www.example.weibo,200
http://www.example.xihuan,200
http://www.example.arte,200
http://www.example.clinique,200
http://www.example.luxe,200
http://www.example.maison,200
http://www.example.moi,200
http://www.example.rsvp,200
http://www.example.sarl,200
http://www.example.epost,200
http://www.example.gmbh,200
http://www.example.haus,200
http://www.example.immobilien,200
http://www.example.jetzt,200
http://www.example.kaufen,200
http://www.example.kinder,200
http://www.example.reise,200
http://www.example.reisen,200
http://www.example.schule,200
http://www.example.versicherung,200
http://www.example.desi,200
http://www.example.shiksha,200
http://www.example.casa,200
http://www.example.immo,200
http://www.example.moda,200
http://www.example.voto,200
http://www.example.bom,200
http://www.example.passagens,200
http://www.example.abogado,200
http://www.example.gratis,200
http://www.example.futbol,200
http://www.example.hoteles,200
http://www.example.juegos,200
http://www.example.ltda,200
http://www.example.soy,200
http://www.example.tienda,200
http://www.example.uno,200
http://www.example.viajes,200
http://www.example.vuelos,200
http://www.examplexn--4gbrim,200
http://www.examplexn--fhbei,200
http://www.examplexn--mgbb9fbpob,200
http://www.examplexn--mgbi4ecexp,200
http://www.examplexn--ngbc5azd,200
http://www.examplexn--ngbe9e0a,200
http://www.examplexn--mgbab2bd,200
http://www.examplexn--3ds443g,200
http://www.examplexn--fiq228c5hs,200
http://www.examplexn--ses554g,200
http://www.examplexn--5tzm5g,200
http://www.examplexn--io0a7i,200
http://www.examplexn--55qx5d,200
http://www.examplexn--czru2d,200
http://www.examplexn--nqv7f,200
http://www.examplexn--6qq986b3xl,200
http://www.examplexn--czr694b,200
http://www.examplexn--rhqv96g,200
http://www.examplexn--3bst00m,200
http://www.examplexn--30rr7y,200
http://www.examplexn--45q11c,200
http://www.examplexn--55qw42g,200
http://www.examplexn--d1acj3b,200
http://www.examplexn--80aqecdr1a,200
http://www.examplexn--j1aef,200
http://www.examplexn--80asehdb,200
http://www.examplexn--c1avg,200
http://www.examplexn--80aswg,200
http://www.examplexn--i1b6b1a6a2e,200
http://www.examplexn--11b4c3d,200
http://www.examplexn--c2br7g,200
http://www.examplexn--mk1bu44c,200
http://www.examplexn--t60b56a,200
http://www.examplexn--9dbq2a,200
http://www.examplexn--q9jyb4c,200
http://www.examplexn--1ck2e1b,200
http://www.examplexn--bck1b9a5dre4c,200
http://www.examplexn--cck2b3b,200
http://www.examplexn--eckvdtc9d,200
http://www.examplexn--gckr3f0f,200
http://www.examplexn--tckwe,200
http://www.examplexn--42c2d9a,200
http://www.example.africa,200
http://www.example.capetown,200
http://www.example.durban,200
http://www.example.joburg,200
http://www.example.abudhabi,200
http://www.example.arab,err
http://www.example.asia,200
http://www.example.doha,200
http://www.example.dubai,200
http://www.example.krd,200
http://www.example.kyoto,200
http://www.example.nagoya,200
http://www.example.okinawa,200
http://www.example.osaka,200
http://www.example.ryukyu,200
http://www.example.taipei,200
http://www.example.tatar,200
http://www.example.tokyo,200
http://www.example.yokohama,200
http://www.example.alsace,200
http://www.example.amsterdam,200
http://www.example.bcn,200
http://www.example.barcelona,200
http://www.example.bayern,200
http://www.example.berlin,200
http://www.example.brussels,200
http://www.example.budapest,200
http://www.example.bzh,200
http://www.example.cat,200
http://www.example.cologne,200
http://www.example.corsica,200
http://www.example.cymru,err
http://www.example.eus,200
http://www.example.frl,200
http://www.example.gal,200
http://www.example.gent,200
http://www.example.hamburg,200
http://www.example.helsinki,200
http://www.example.irish,200
http://www.example.ist,200
http://www.example.istanbul,200
http://www.example.koeln,200
http://www.example.london,200
http://www.example.madrid,200
http://www.example.moscowÂ ,err
http://www.example.nrw,200
http://www.example.paris,200
http://www.example.ruhr,200
http://www.example.saarland,200
http://www.example.scot,200
http://www.example.stockholm,200
http://www.example.swiss,200
http://www.example.tirol,200
http://www.example.vlaanderen,200
http://www.example.wales,200
http://www.example.wien,200
http://www.example.zuerich,200
http://www.example.boston,200
http://www.example.miami,200
http://www.example.nyc,200
http://www.example.quebec,200
http://www.example.vegas,200
http://www.example.kiwi,200
http://www.example.melbourne,200
http://www.example.sydney,200
http://www.example.lat,200
http://www.example.rio,200
http://www.examplexn--1qqw23a,200
http://www.examplexn--xhq521b,200
http://www.examplexn--80adxhks,200
http://www.examplexn--p1acf,200
http://www.examplexn--mgbca7dzdo,200
http://www.examplexn--ngbrx,200
http://www.example.aaa,200
http://www.example.aarp,200
http://www.example.abarth,200
http://www.example.abb,200
http://www.example.abbott,200
http://www.example.abbvie,200
http://www.example.abc,200
http://www.example.accenture,200
http://www.example.aco,200
http://www.example.aeg,200
http://www.example.aetna,200
http://www.example.afl,200
http://www.example.agakhan,200
http://www.example.aig,200
http://www.example.aigo,200
http://www.example.airbus,200
http://www.example.airtel,200
http://www.example.akdn,200
http://www.example.alfaromeo,200
http://www.example.alibaba,200
http://www.example.alipay,200
http://www.example.allfinanz,200
http://www.example.allstate,200
http://www.example.ally,200
http://www.example.alstom,200
http://www.example.americanexpress,200
http://www.example.amex,200
http://www.example.amica,200
http://www.example.android,200
http://www.example.anz,200
http://www.example.aol,200
http://www.example.apple,200
http://www.example.aquarelle,200
http://www.example.aramco,200
http://www.example.audi,200
http://www.example.auspost,200
http://www.example.axa,200
http://www.example.azure,200
http://www.example.baidu,200
http://www.example.bananarepublic,200
http://www.example.barclaycard,200
http://www.example.barclays,200
http://www.example.basketball,200
http://www.example.bauhaus,200
http://www.example.bbc,200
http://www.example.bbt,200
http://www.example.bbva,200
http://www.example.bcg,200
http://www.example.bentley,200
http://www.example.bharti,200
http://www.example.bing,200
http://www.example.blanco,200
http://www.example.bloomberg,200
http://www.example.bms,200
http://www.example.bmw,200
http://www.example.bnl,200
http://www.example.bnpparibas,200
http://www.example.boehringer,200
http://www.example.bond,200
http://www.example.booking,200
http://www.example.bosch,200
http://www.example.bostik,200
http://www.example.bradesco,200
http://www.example.bridgestone,200
http://www.example.brother,200
http://www.example.bugatti,200
http://www.example.cal,200
http://www.example.calvinklein,200
http://www.example.canon,200
http://www.example.capitalone,200
http://www.example.caravan,200
http://www.example.cartier,200
http://www.example.cba,200
http://www.example.cbn,200
http://www.example.cbre,200
http://www.example.cbs,200
http://www.example.cern,200
http://www.example.cfa,200
http://www.example.chanel,200
http://www.example.chase,200
http://www.example.chintai,200
http://www.example.chrome,200
http://www.example.chrysler,200
http://www.example.cisco,200
http://www.example.citadel,200
http://www.example.citi,200
http://www.example.citic,200
http://www.example.clubmed,200
http://www.example.comcast,200
http://www.example.commbank,200
http://www.example.creditunion,200
http://www.example.crown,200
http://www.example.crs,200
"http://www.example.csc
",200
http://www.example.cuisinella,200
http://www.example.dabur,200
http://www.example.datsun,200
http://www.example.dealer,200
http://www.example.dell,200
http://www.example.deloitte,200
http://www.example.delta,200
http://www.example.dhl,200
http://www.example.discover,200
http://www.example.dish,200
http://www.example.dnp,200
http://www.example.dodge,200
http://www.example.dunlop,200
http://www.example.dupont,200
http://www.example.dvag,200
http://www.example.edeka,200
http://www.example.emerck,200
http://www.example.epson,200
http://www.example.ericsson,200
http://www.example.erni,200
http://www.example.esurance,200
http://www.example.etisalat,200
http://www.example.eurovision,200
http://www.example.everbank,200
http://www.example.extraspace,200
http://www.example.fage,200
http://www.example.fairwinds,200
http://www.example.farmers,200
http://www.example.fedex,200
http://www.example.ferrari,200
http://www.example.ferrero,200
http://www.example.fiat,200
http://www.example.fidelity,200
http://www.example.firestone,200
http://www.example.firmdale,200
http://www.example.flickr,200
http://www.example.flir,200
http://www.example.flsmidth,200
http://www.example.ford,200
http://www.example.fox,200
http://www.example.fresenius,200
http://www.example.forex,200
http://www.example.frogans,200
http://www.example.frontier,200
http://www.example.fujitsu,200
http://www.example.fujixerox,200
http://www.example.gallo,200
http://www.example.gallup,200
http://www.example.gap,200
http://www.example.gbiz,200
http://www.example.gea,200
http://www.example.genting,200
http://www.example.giving,200
http://www.example.gle,200
http://www.example.globo,200
http://www.example.gmail,200
http://www.example.gmo,200
http://www.example.gmx,200
http://www.example.godaddy,200
http://www.example.goldpoint,200
http://www.example.goodyear,200
http://www.example.goog,200
http://www.example.google,200
http://www.example.grainger,200
http://www.example.guardian,200
http://www.example.gucci,200
http://www.example.hbo,200
http://www.example.hdfc,200
http://www.example.hdfcbank,200
http://www.example.hermes,200
http://www.example.hisamitsu,200
http://www.example.hitachi,200
http://www.example.hkt,200
http://www.example.honda,200
http://www.example.honeywell,200
http://www.example.hotmail,200
http://www.example.hsbc,200
http://www.example.hughes,200
http://www.example.hyatt,200
http://www.example.hyundai,200
http://www.example.ibm,200
http://www.example.ieee,200
http://www.example.ifm,200
http://www.example.ikano,200
http://www.example.imdb,200
http://www.example.infiniti,200
http://www.example.intel,200
http://www.example.intuit,200
http://www.example.ipiranga,200
http://www.example.iselect,200
http://www.example.itau,200
http://www.example.itv,200
http://www.example.iveco,200
http://www.example.jaguar,200
http://www.example.java,200
http://www.example.jcb,200
http://www.example.jcp,200
http://www.example.jeep,200
http://www.example.jpmorgan,200
http://www.example.juniper,200
http://www.example.kddi,200
http://www.example.kerryhotels,200
http://www.example.kerrylogistics,200
http://www.example.kerryproperties,200
http://www.example.kfh,200
http://www.example.kia,200
http://www.example.kinder,200
http://www.example.kindle,200
http://www.example.komatsu,200
http://www.example.kpmg,200
http://www.example.kred,200
http://www.example.kuokgroup,200
http://www.example.lacaixa,200
http://www.example.ladbrokes,200
http://www.example.lamborghini,200
http://www.example.lancaster,200
http://www.example.lancia,200
http://www.example.lancome,200
http://www.example.landrover,200
http://www.example.lanxess,200
http://www.example.lasalle,200
http://www.example.latrobe,200
http://www.example.lds,200
http://www.example.lego,200
http://www.example.liaison,200
http://www.example.lexus,200
http://www.example.lidl,200
http://www.example.lifestyle,200
http://www.example.lilly,200
http://www.example.lincoln,200
http://www.example.linde,200
http://www.example.lipsy,200
http://www.example.lixil,200
http://www.example.locus,200
http://www.example.lotte,200
http://www.example.lpl,200
http://www.example.lplfinancial,200
http://www.example.lundbeck,200
http://www.example.lupin,200
http://www.example.macys,200
http://www.example.maif,200
http://www.example.man,200
http://www.example.mango,200
http://www.example.marriott,200
http://www.example.maserati,200
http://www.example.mattel,200
http://www.example.mckinsey,200
http://www.example.metlife,200
http://www.example.microsoft,200
http://www.example.mini,200
http://www.example.mit,200
http://www.example.mitsubishi,200
http://www.example.mlb,200
http://www.example.mma,200
http://www.example.monash,200
http://www.example.mormon,200
http://www.example.moto,200
http://www.example.movistar,200
http://www.example.msd,200
http://www.example.mtn,200
http://www.example.mtr,200
http://www.example.mutual,200
http://www.example.nadex,200
http://www.example.nationwide,200
http://www.example.natura,200
http://www.example.nba,200
http://www.example.nec,200
http://www.example.netflix,200
http://www.example.neustar,200
http://www.example.newholland,200
http://www.example.nexus,200
http://www.example.nfl,200
http://www.example.nhk,200
http://www.example.nico,200
http://www.example.nike,200
http://www.example.nikon,200
http://www.example.nissan,200
http://www.example.nissay,200
http://www.example.nokia,200
http://www.example.northwesternmutual,200
http://www.example.norton,200
http://www.example.nra,200
http://www.example.ntt,200
http://www.example.obi,200
http://www.example.office,200
http://www.example.omega,200
http://www.example.oracle,200
http://www.example.orange,200
http://www.example.otsuka,200
http://www.example.ovh,200
http://www.example.panasonic,200
http://www.example.pccw,200
http://www.example.pfizer,200
http://www.example.philips,200
http://www.example.piaget,200
http://www.example.pictet,200
http://www.example.ping,200
http://www.example.pioneer,200
http://www.example.play,200
http://www.example.playstation,200
http://www.example.pohl,200
http://www.example.politie,err
http://www.example.praxi,200
http://www.example.prod,200
http://www.example.progressive,200
http://www.example.pru,200
http://www.example.prudential,200
http://www.example.pwc,200
http://www.example.quest,200
http://www.example.qvc,200
http://www.example.redstone,200
http://www.example.reliance,200
http://www.example.rexroth,200
http://www.example.ricoh,200
http://www.example.rmit,200
http://www.example.rocher,200
http://www.example.rogers,200
http://www.example.rwe,200
http://www.example.safety,200
http://www.example.sakura,200
http://www.example.samsung,200
http://www.example.sandvik,200
http://www.example.sandvikcoromant,200
http://www.example.sanofi,200
http://www.example.sap,200
http://www.example.saxo,200
http://www.example.sbi,200
http://www.example.sbs,200
http://www.example.sca,200
http://www.example.scb,200
http://www.example.schaeffler,200
http://www.example.schmidt,200
http://www.example.schwarz,200
http://www.example.scjohnson,200
http://www.example.scor,200
http://www.example.seat,200
http://www.example.sener,200
http://www.example.ses,200
http://www.example.sew,200
http://www.example.seven,200
http://www.example.sfr,200
http://www.example.seek,200
http://www.example.shangrila,200
http://www.example.sharp,200
http://www.example.shaw,200
http://www.example.shell,200
http://www.example.shriram,200
http://www.example.sina,200
http://www.example.sky,200
http://www.example.skype,200
http://www.example.smart,200
http://www.example.sncf,200
http://www.example.softbank,200
http://www.example.sohu,200
http://www.example.sony,200
http://www.example.spiegel,200
http://www.example.stada,200
http://www.example.staples,200
http://www.example.star,200
http://www.example.starhub,200
http://www.example.statebank,200
http://www.example.statefarm,200
http://www.example.statoil,200
http://www.example.stc,200
http://www.example.stcgroup,200
http://www.example.suzuki,200
http://www.example.swatch,200
http://www.example.swiftcover,200
http://www.example.symantec,err
http://www.example.taobao,200
http://www.example.target,200
http://www.example.tatamotors,200
http://www.example.tdk,200
http://www.example.telecity,200
http://www.example.telefonica,200
http://www.example.temasek,200
http://www.example.teva,200
http://www.example.tiffany,200
http://www.example.tjx,200
http://www.example.toray,200
http://www.example.toshiba,200
http://www.example.total,200
http://www.example.toyota,200
http://www.example.travelchannel,200
http://www.example.travelers,200
http://www.example.tui,200
http://www.example.tvs,200
http://www.example.ubs,200
http://www.example.unicom,200
http://www.example.uol,200
http://www.example.ups,200
http://www.example.vanguard,200
http://www.example.verisign,200
http://www.example.vig,200
http://www.example.viking,200
http://www.example.virgin,200
http://www.example.visa,200
http://www.example.vista,200
http://www.example.vistaprint,200
http://www.example.vivo,200
http://www.example.volkswagen,200
http://www.example.volvo,200
http://www.example.walmart,200
http://www.example.walter,200
http://www.example.weatherchannel,200
http://www.example.weber,200
http://www.example.weir,200
http://www.example.williamhill,200
http://www.example.windows,200
http://www.example.wme,200
http://www.example.wolterskluwer,200
http://www.example.woodside,200
http://www.example.wtc,200
http://www.example.xbox,err
http://www.example.xerox,200
http://www.example.xfinity,200
http://www.example.yahoo,200
http://www.example.yamaxun,200
http://www.example.yandex,200
http://www.example.yodobashi,200
http://www.example.youtube,200
http://www.example.zappos,200
http://www.example.zara,200
http://www.example.zip,200
http://www.example.zippo,200
http://www.examplexn--mgba3a3ejt,200
http://www.examplexn--mgbaakc7dvf,200
http://www.examplexn--8y0a063a,200
http://www.examplexn--6frz82g,200
http://www.examplexn--fiq64b,200
http://www.examplexn--5su34j936bgsg,200
http://www.examplexn--b4w605ferd,200
http://www.examplexn--3oq18vl8pn36a,200
http://www.examplexn--vermgensberater-ctb,200
http://www.examplexn--vermgensberatung-pwb,200
http://www.examplexn--qcka1pmc,200
http://www.examplexn--flw351e,200
http://www.examplexn--estv75g,200
http://www.examplexn--w4rs40l,200
http://www.examplexn--w4r85el8fhu5dnra,200
http://www.examplexn--kcrx77d1x4a,200
http://www.examplexn--jlq61u9w7b,200
http://www.examplexn--fzys8d69uvgm,200
http://www.examplexn--cg4bki,200
